{"stats":{"minecraft:picked_up":{"minecraft:stick":5,"minecraft:crafting_table":2,"minecraft:clay_ball":12,"minecraft:jungle_log":3,"call_of_yucutan:golden_torch":1},"minecraft:used":{"minecraft:wooden_axe":6,"minecraft:crafting_table":2,"minecraft:wooden_pickaxe":4},"minecraft:custom":{"minecraft:time_since_rest":5423,"minecraft:crouch_one_cm":1834,"minecraft:play_time":8648,"minecraft:sprint_one_cm":10960,"minecraft:deaths":2,"minecraft:damage_taken":584,"minecraft:walk_one_cm":25407,"minecraft:sneak_time":410,"minecraft:walk_under_water_one_cm":245,"minecraft:drop":1,"minecraft:jump":59,"minecraft:leave_game":1,"minecraft:time_since_death":5393,"minecraft:walk_on_water_one_cm":9467,"minecraft:total_world_time":8648,"minecraft:climb_one_cm":152,"minecraft:fall_one_cm":751,"minecraft:interact_with_crafting_table":3,"minecraft:swim_one_cm":1298,"minecraft:fly_one_cm":2621},"minecraft:dropped":{"gravestone:obituary":1},"minecraft:crafted":{"minecraft:wooden_pickaxe":1,"minecraft:jungle_planks":12,"minecraft:wooden_axe":1},"minecraft:mined":{"gravestone:gravestone":1,"call_of_yucutan:golden_torch_ground":1,"call_of_yucutan:overgrown_chest":2,"call_of_yucutan:golden_torch_wall":1,"minecraft:vine":2,"minecraft:jungle_log":3,"minecraft:jungle_leaves":1,"minecraft:clay":3,"minecraft:crafting_table":3,"minecraft:spawner":1}},"DataVersion":3465}