{"stats":{"minecraft:picked_up":{"minecraft:stick":3,"minecraft:crafting_table":1,"call_of_yucutan:mystic_vine":2,"minecraft:oak_log":37,"minecraft:oak_sapling":10,"minecraft:melon_slice":44},"minecraft:used":{"minecraft:wooden_axe":50,"minecraft:crafting_table":2,"minecraft:melon_slice":4},"minecraft:custom":{"minecraft:open_chest":1,"minecraft:time_since_rest":1270,"minecraft:deaths":1,"minecraft:damage_taken":298,"minecraft:play_time":10210,"minecraft:sprint_one_cm":16993,"minecraft:walk_one_cm":26612,"minecraft:sneak_time":26,"minecraft:walk_under_water_one_cm":69,"minecraft:drop":5,"minecraft:jump":93,"minecraft:damage_dealt":10,"minecraft:leave_game":2,"minecraft:time_since_death":998,"minecraft:walk_on_water_one_cm":3664,"minecraft:swim_one_cm":498,"minecraft:total_world_time":10210,"minecraft:climb_one_cm":658,"minecraft:interact_with_crafting_table":2,"minecraft:fly_one_cm":12922,"minecraft:fall_one_cm":3123},"minecraft:dropped":{"gravestone:obituary":1,"call_of_yucutan:mystic_vine":2,"minecraft:oak_sapling":10,"minecraft:stick":5},"minecraft:crafted":{"minecraft:oak_planks":24,"minecraft:crafting_table":1,"minecraft:stick":4,"minecraft:wooden_axe":1},"minecraft:mined":{"minecraft:grass":3,"minecraft:oak_log":38,"minecraft:decorated_pot":1,"minecraft:melon":9,"minecraft:vine":1,"minecraft:jungle_leaves":1,"call_of_yucutan:mystic_vine_block":1,"minecraft:crafting_table":1,"minecraft:fern":1}},"DataVersion":3465}